post_title,post_name,post_parent,ID,post_content,post_excerpt,post_status,post_password,menu_order,post_date,post_author,comment_status,sku,parent_sku,children,downloadable,virtual,stock,regular_price,sale_price,weight,length,width,height,tax_class,visibility,stock_status,backorders,sold_individually,low_stock_amount,manage_stock,tax_status,upsell_ids,crosssell_ids,purchase_note,sale_price_dates_from,sale_price_dates_to,download_limit,download_expiry,product_url,button_text,images,downloadable_files,product_page_url,meta:total_sales,meta:_global_unique_id,tax:product_brand,tax:product_type,tax:product_visibility,tax:product_cat,tax:product_tag,tax:product_shipping_class,attribute:pa_age,attribute_data:pa_age,attribute:pa_brand,attribute_data:pa_brand,attribute:pa_color,attribute_data:pa_color
"Dermato Clean Hyaluron Cleansing Gel 200ml",dermato-clean-hyaluron-cleansing-gel-200ml,,76," 					
			<p>Evidently, these ingredients combine to make your summer experience unforgettable for the right reasons, preventing sunburn, dryness, photoaging as well as other unpleasant feelings. Likewise, dark spots are easier to avoid as this sunscreen reinforces broad-spectrum UVA/UVB protection. All in all, this is truly a must-have that innovates without relinquishing Mádara's values of transparency and sustainability. Once again, these core resources were consciously extracted from Nordic forests, having the planet's well-being in mind. Finally, this sunscreen offers a great example of how efficient solar protection can also be eco-friendly.</p><h4 id=""wd-e071d9da"" style=""margin-bottom: var(--wd-tags-mb, 20px);font-style: normal;font-weight: var(--wd-title-font-weight);font-family: Satoshi, Arial, Helvetica, sans-serif;font-size: 18px;text-transform: none;--wd-trans-main: all .25s ease"">Features of Rilastil Aqua Detergente Viso:</h4>
						 						 					<ul>
											<li>
						The stem cells from northern dragonhead successfully fight solar damage, inhibiting the spread of free radicals. Additionally, they contribute to minimizing pigmentation, in turn boosting collagen formation.					
									</li>
											<li>
						Raspberry seed oil eases symptoms of inflammatory skin conditions and helps shield the skin from external threats. Besides containing Vitamin E, this oil concentrates high levels of phytosterols that can help reduce water loss. Therefore, it keeps your complexion hydrated.					
									</li>
											<li>
						Zinc Oxide reflects solar rays like a mirror. Without penetrating your complexion, it gives effortless broad-spectrum UVA/UVB protection and has solid safety evidence.					
									</li>
											<li>
						Last but not least, Glycerin moisturizes deeply, being a natural source of endless benefits. From improving skin's resiliency to enabling the penetration of other ingredients and reducing irritation, it takes center stage as an indispensable element in skincare.					
									</li>
					</ul>",,publish,,0,"2024-10-25 11:07:00",1,open,SC-11203,,,,,,18.80,13.15,,,,,,,instock,,,,no,,,,,,,,,,,"https://alsaadrose.store/wp-content/uploads/2024/10/c-sk-clnsr-product-3.jpg ! alt :  ! title : c-sk-clnsr-product-3.jpg ! desc :  ! caption : ",,https://alsaadrose.store/product/dermato-clean-hyaluron-cleansing-gel-200ml/,,,Mizon,simple,,"Skincare > Cleansers|Sunscreen > Face Sunscreen",,,12+|18+|25+,1|1|0,,0|1|0,,
"Cleansing Foam Face &amp; Eyes 200ml",cleansing-foam-face-eyes-200ml,,77," 					
			<p>Evidently, these ingredients combine to make your summer experience unforgettable for the right reasons, preventing sunburn, dryness, photoaging as well as other unpleasant feelings. Likewise, dark spots are easier to avoid as this sunscreen reinforces broad-spectrum UVA/UVB protection. All in all, this is truly a must-have that innovates without relinquishing Mádara's values of transparency and sustainability. Once again, these core resources were consciously extracted from Nordic forests, having the planet's well-being in mind. Finally, this sunscreen offers a great example of how efficient solar protection can also be eco-friendly.</p><h4 id=""wd-e071d9da"" style=""margin-bottom: var(--wd-tags-mb, 20px);font-style: normal;font-weight: var(--wd-title-font-weight);font-family: Satoshi, Arial, Helvetica, sans-serif;font-size: 18px;text-transform: none;--wd-trans-main: all .25s ease"">Features of Rilastil Aqua Detergente Viso:</h4>
						 						 					<ul>
											<li>
						The stem cells from northern dragonhead successfully fight solar damage, inhibiting the spread of free radicals. Additionally, they contribute to minimizing pigmentation, in turn boosting collagen formation.					
									</li>
											<li>
						Raspberry seed oil eases symptoms of inflammatory skin conditions and helps shield the skin from external threats. Besides containing Vitamin E, this oil concentrates high levels of phytosterols that can help reduce water loss. Therefore, it keeps your complexion hydrated.					
									</li>
											<li>
						Zinc Oxide reflects solar rays like a mirror. Without penetrating your complexion, it gives effortless broad-spectrum UVA/UVB protection and has solid safety evidence.					
									</li>
											<li>
						Last but not least, Glycerin moisturizes deeply, being a natural source of endless benefits. From improving skin's resiliency to enabling the penetration of other ingredients and reducing irritation, it takes center stage as an indispensable element in skincare.					
									</li>
					</ul>",,publish,,0,"2024-10-25 11:07:00",1,open,SC-11206,,,,,,19.40,,,,,,,,instock,,,,no,,,,,,,,,,,"https://alsaadrose.store/wp-content/uploads/2024/10/c-sk-clnsr-product-6.jpg ! alt :  ! title : c-sk-clnsr-product-6.jpg ! desc :  ! caption : ",,https://alsaadrose.store/product/cleansing-foam-face-eyes-200ml/,,,SVR,simple,featured,"Skincare > Cleansers|Sunscreen > Hair Sunscreen",,,12+|18+|25+|30+|40+,1|1|0,,0|1|0,,
"Bariederm-CICA Daily Serum 30ml",bariederm-cica-daily-serum-30ml,,78," 					
			<p>Evidently, these ingredients combine to make your summer experience unforgettable for the right reasons, preventing sunburn, dryness, photoaging as well as other unpleasant feelings. Likewise, dark spots are easier to avoid as this sunscreen reinforces broad-spectrum UVA/UVB protection. All in all, this is truly a must-have that innovates without relinquishing Mádara's values of transparency and sustainability. Once again, these core resources were consciously extracted from Nordic forests, having the planet's well-being in mind. Finally, this sunscreen offers a great example of how efficient solar protection can also be eco-friendly.</p><h4 id=""wd-e071d9da"" style=""margin-bottom: var(--wd-tags-mb, 20px);font-style: normal;font-weight: var(--wd-title-font-weight);font-family: Satoshi, Arial, Helvetica, sans-serif;font-size: 18px;text-transform: none;--wd-trans-main: all .25s ease"">Features of Rilastil Aqua Detergente Viso:</h4>
						 						 					<ul>
											<li>
						The stem cells from northern dragonhead successfully fight solar damage, inhibiting the spread of free radicals. Additionally, they contribute to minimizing pigmentation, in turn boosting collagen formation.					
									</li>
											<li>
						Raspberry seed oil eases symptoms of inflammatory skin conditions and helps shield the skin from external threats. Besides containing Vitamin E, this oil concentrates high levels of phytosterols that can help reduce water loss. Therefore, it keeps your complexion hydrated.					
									</li>
											<li>
						Zinc Oxide reflects solar rays like a mirror. Without penetrating your complexion, it gives effortless broad-spectrum UVA/UVB protection and has solid safety evidence.					
									</li>
											<li>
						Last but not least, Glycerin moisturizes deeply, being a natural source of endless benefits. From improving skin's resiliency to enabling the penetration of other ingredients and reducing irritation, it takes center stage as an indispensable element in skincare.					
									</li>
					</ul>",,publish,,0,"2024-10-25 11:07:00",1,open,SC-11218,,,,,,40.40,,,,,,,,instock,,,,no,,,,,,,,,,,"https://alsaadrose.store/wp-content/uploads/2024/10/c-sk-srms-product-2.jpg ! alt :  ! title : c-sk-srms-product-2.jpg ! desc :  ! caption : ",,https://alsaadrose.store/product/bariederm-cica-daily-serum-30ml/,,,Uriage,simple,,"Sunscreen > After Sun|Skincare > Serums",,,12+|18+|25+|30+|40+,1|1|0,,0|1|0,,
"Royal Vita Propolis 33 Ampoule",royal-vita-propolis-33-ampoule,,79," 					
			<p>Evidently, these ingredients combine to make your summer experience unforgettable for the right reasons, preventing sunburn, dryness, photoaging as well as other unpleasant feelings. Likewise, dark spots are easier to avoid as this sunscreen reinforces broad-spectrum UVA/UVB protection. All in all, this is truly a must-have that innovates without relinquishing Mádara's values of transparency and sustainability. Once again, these core resources were consciously extracted from Nordic forests, having the planet's well-being in mind. Finally, this sunscreen offers a great example of how efficient solar protection can also be eco-friendly.</p><h4 id=""wd-e071d9da"" style=""margin-bottom: var(--wd-tags-mb, 20px);font-style: normal;font-weight: var(--wd-title-font-weight);font-family: Satoshi, Arial, Helvetica, sans-serif;font-size: 18px;text-transform: none;--wd-trans-main: all .25s ease"">Features of Rilastil Aqua Detergente Viso:</h4>
						 						 					<ul>
											<li>
						The stem cells from northern dragonhead successfully fight solar damage, inhibiting the spread of free radicals. Additionally, they contribute to minimizing pigmentation, in turn boosting collagen formation.					
									</li>
											<li>
						Raspberry seed oil eases symptoms of inflammatory skin conditions and helps shield the skin from external threats. Besides containing Vitamin E, this oil concentrates high levels of phytosterols that can help reduce water loss. Therefore, it keeps your complexion hydrated.					
									</li>
											<li>
						Zinc Oxide reflects solar rays like a mirror. Without penetrating your complexion, it gives effortless broad-spectrum UVA/UVB protection and has solid safety evidence.					
									</li>
											<li>
						Last but not least, Glycerin moisturizes deeply, being a natural source of endless benefits. From improving skin's resiliency to enabling the penetration of other ingredients and reducing irritation, it takes center stage as an indispensable element in skincare.					
									</li>
					</ul>",,publish,,0,"2024-10-25 11:07:00",1,open,SC-11223,,,,,,33.40,25,,,,,,,instock,,,,no,,,,,,,,,,,"https://alsaadrose.store/wp-content/uploads/2024/10/c-sk-srms-product-7.jpg ! alt :  ! title : c-sk-srms-product-7.jpg ! desc :  ! caption : ",,https://alsaadrose.store/product/royal-vita-propolis-33-ampoule/,,,Cerave,simple,,"Sunscreen > Body Sunscreen|Skincare > Serums",,,25+|30+|40+,1|1|0,,0|1|0,,
"Peptide4 Thousand Flower Mask 75ml",peptide4-thousand-flower-mask-75ml,,80," 					
			<p>Evidently, these ingredients combine to make your summer experience unforgettable for the right reasons, preventing sunburn, dryness, photoaging as well as other unpleasant feelings. Likewise, dark spots are easier to avoid as this sunscreen reinforces broad-spectrum UVA/UVB protection. All in all, this is truly a must-have that innovates without relinquishing Mádara's values of transparency and sustainability. Once again, these core resources were consciously extracted from Nordic forests, having the planet's well-being in mind. Finally, this sunscreen offers a great example of how efficient solar protection can also be eco-friendly.</p><h4 id=""wd-e071d9da"" style=""margin-bottom: var(--wd-tags-mb, 20px);font-style: normal;font-weight: var(--wd-title-font-weight);font-family: Satoshi, Arial, Helvetica, sans-serif;font-size: 18px;text-transform: none;--wd-trans-main: all .25s ease"">Features of Rilastil Aqua Detergente Viso:</h4>
						 						 					<ul>
											<li>
						The stem cells from northern dragonhead successfully fight solar damage, inhibiting the spread of free radicals. Additionally, they contribute to minimizing pigmentation, in turn boosting collagen formation.					
									</li>
											<li>
						Raspberry seed oil eases symptoms of inflammatory skin conditions and helps shield the skin from external threats. Besides containing Vitamin E, this oil concentrates high levels of phytosterols that can help reduce water loss. Therefore, it keeps your complexion hydrated.					
									</li>
											<li>
						Zinc Oxide reflects solar rays like a mirror. Without penetrating your complexion, it gives effortless broad-spectrum UVA/UVB protection and has solid safety evidence.					
									</li>
											<li>
						Last but not least, Glycerin moisturizes deeply, being a natural source of endless benefits. From improving skin's resiliency to enabling the penetration of other ingredients and reducing irritation, it takes center stage as an indispensable element in skincare.					
									</li>
					</ul>",,publish,,0,"2024-10-25 11:07:00",1,open,SC-11227,,,,,,65,,,,,,,,instock,,,,no,,,,,,,,,,,"https://alsaadrose.store/wp-content/uploads/2024/10/c-sk-crms-product-3.jpg ! alt :  ! title : c-sk-crms-product-3.jpg ! desc :  ! caption : ",,https://alsaadrose.store/product/peptide4-thousand-flower-mask-75ml/,,,Mizon,simple,,"Skincare > Creams|Sunscreen > Face Sunscreen",,,12+|18+|25+|30+,1|1|0,,0|1|0,,
"Prebiotic Face Mask &amp; Scrub 100ml",prebiotic-face-mask-scrub-100ml,,81," 					
			<p>Evidently, these ingredients combine to make your summer experience unforgettable for the right reasons, preventing sunburn, dryness, photoaging as well as other unpleasant feelings. Likewise, dark spots are easier to avoid as this sunscreen reinforces broad-spectrum UVA/UVB protection. All in all, this is truly a must-have that innovates without relinquishing Mádara's values of transparency and sustainability. Once again, these core resources were consciously extracted from Nordic forests, having the planet's well-being in mind. Finally, this sunscreen offers a great example of how efficient solar protection can also be eco-friendly.</p><h4 id=""wd-e071d9da"" style=""margin-bottom: var(--wd-tags-mb, 20px);font-style: normal;font-weight: var(--wd-title-font-weight);font-family: Satoshi, Arial, Helvetica, sans-serif;font-size: 18px;text-transform: none;--wd-trans-main: all .25s ease"">Features of Rilastil Aqua Detergente Viso:</h4>
						 						 					<ul>
											<li>
						The stem cells from northern dragonhead successfully fight solar damage, inhibiting the spread of free radicals. Additionally, they contribute to minimizing pigmentation, in turn boosting collagen formation.					
									</li>
											<li>
						Raspberry seed oil eases symptoms of inflammatory skin conditions and helps shield the skin from external threats. Besides containing Vitamin E, this oil concentrates high levels of phytosterols that can help reduce water loss. Therefore, it keeps your complexion hydrated.					
									</li>
											<li>
						Zinc Oxide reflects solar rays like a mirror. Without penetrating your complexion, it gives effortless broad-spectrum UVA/UVB protection and has solid safety evidence.					
									</li>
											<li>
						Last but not least, Glycerin moisturizes deeply, being a natural source of endless benefits. From improving skin's resiliency to enabling the penetration of other ingredients and reducing irritation, it takes center stage as an indispensable element in skincare.					
									</li>
					</ul>",,publish,,0,"2024-10-25 11:07:00",1,open,SC-11229,,,,,,34.90,,,,,,,,instock,,,,no,,,,,,,,,,,"https://alsaadrose.store/wp-content/uploads/2024/10/c-sk-crms-product-5.jpg ! alt :  ! title : c-sk-crms-product-5.jpg ! desc :  ! caption : ",,https://alsaadrose.store/product/prebiotic-face-mask-scrub-100ml/,,,Cerave,simple,,"Skincare > Creams|Sunscreen > Hair Sunscreen",,,12+|25+|30+|40+,1|1|0,,0|1|0,,
"Tensage Radiance Eye Contour 15ml",tensage-radiance-eye-contour-15ml,,82," 					
			<p>Evidently, these ingredients combine to make your summer experience unforgettable for the right reasons, preventing sunburn, dryness, photoaging as well as other unpleasant feelings. Likewise, dark spots are easier to avoid as this sunscreen reinforces broad-spectrum UVA/UVB protection. All in all, this is truly a must-have that innovates without relinquishing Mádara's values of transparency and sustainability. Once again, these core resources were consciously extracted from Nordic forests, having the planet's well-being in mind. Finally, this sunscreen offers a great example of how efficient solar protection can also be eco-friendly.</p><h4 id=""wd-e071d9da"" style=""margin-bottom: var(--wd-tags-mb, 20px);font-style: normal;font-weight: var(--wd-title-font-weight);font-family: Satoshi, Arial, Helvetica, sans-serif;font-size: 18px;text-transform: none;--wd-trans-main: all .25s ease"">Features of Rilastil Aqua Detergente Viso:</h4>
						 						 					<ul>
											<li>
						The stem cells from northern dragonhead successfully fight solar damage, inhibiting the spread of free radicals. Additionally, they contribute to minimizing pigmentation, in turn boosting collagen formation.					
									</li>
											<li>
						Raspberry seed oil eases symptoms of inflammatory skin conditions and helps shield the skin from external threats. Besides containing Vitamin E, this oil concentrates high levels of phytosterols that can help reduce water loss. Therefore, it keeps your complexion hydrated.					
									</li>
											<li>
						Zinc Oxide reflects solar rays like a mirror. Without penetrating your complexion, it gives effortless broad-spectrum UVA/UVB protection and has solid safety evidence.					
									</li>
											<li>
						Last but not least, Glycerin moisturizes deeply, being a natural source of endless benefits. From improving skin's resiliency to enabling the penetration of other ingredients and reducing irritation, it takes center stage as an indispensable element in skincare.					
									</li>
					</ul>",,publish,,0,"2024-10-25 11:07:00",1,open,SC-11250,,,,,,33.50,,,,,,,,instock,,,,no,,,,,,,,,,,"https://alsaadrose.store/wp-content/uploads/2024/10/c-sk-eycr-product-2.jpg ! alt :  ! title : c-sk-eycr-product-2.jpg ! desc :  ! caption : ",,https://alsaadrose.store/product/tensage-radiance-eye-contour-15ml/,,,SVR,simple,,"Sunscreen > After Sun|Skincare > Eye Care",,,18+|25+|30+|40+,1|1|0,,0|1|0,,
"Peptides Spring Hydra-Gel Eye Patches",peptides-spring-hydra-gel-eye-patches,,83," 					
			<p>Evidently, these ingredients combine to make your summer experience unforgettable for the right reasons, preventing sunburn, dryness, photoaging as well as other unpleasant feelings. Likewise, dark spots are easier to avoid as this sunscreen reinforces broad-spectrum UVA/UVB protection. All in all, this is truly a must-have that innovates without relinquishing Mádara's values of transparency and sustainability. Once again, these core resources were consciously extracted from Nordic forests, having the planet's well-being in mind. Finally, this sunscreen offers a great example of how efficient solar protection can also be eco-friendly.</p><h4 id=""wd-e071d9da"" style=""margin-bottom: var(--wd-tags-mb, 20px);font-style: normal;font-weight: var(--wd-title-font-weight);font-family: Satoshi, Arial, Helvetica, sans-serif;font-size: 18px;text-transform: none;--wd-trans-main: all .25s ease"">Features of Rilastil Aqua Detergente Viso:</h4>
						 						 					<ul>
											<li>
						The stem cells from northern dragonhead successfully fight solar damage, inhibiting the spread of free radicals. Additionally, they contribute to minimizing pigmentation, in turn boosting collagen formation.					
									</li>
											<li>
						Raspberry seed oil eases symptoms of inflammatory skin conditions and helps shield the skin from external threats. Besides containing Vitamin E, this oil concentrates high levels of phytosterols that can help reduce water loss. Therefore, it keeps your complexion hydrated.					
									</li>
											<li>
						Zinc Oxide reflects solar rays like a mirror. Without penetrating your complexion, it gives effortless broad-spectrum UVA/UVB protection and has solid safety evidence.					
									</li>
											<li>
						Last but not least, Glycerin moisturizes deeply, being a natural source of endless benefits. From improving skin's resiliency to enabling the penetration of other ingredients and reducing irritation, it takes center stage as an indispensable element in skincare.					
									</li>
					</ul>",,publish,,0,"2024-10-25 11:07:00",1,open,SC-11256,,,,,,5.03,,,,,,,,instock,,,,no,,,,,,,,,,,"https://alsaadrose.store/wp-content/uploads/2024/10/c-sk-eycr-product-8.jpg ! alt :  ! title : c-sk-eycr-product-8.jpg ! desc :  ! caption : ",,https://alsaadrose.store/product/peptides-spring-hydra-gel-eye-patches/,,,Uriage,simple,,"Sunscreen > Body Sunscreen|Skincare > Eye Care",,,12+|18+|30+|40+,1|1|0,,0|1|0,,
"Dermexa Emollient Cream 200ml + Emollient Body Wash 300ml",dermexa-emollient-cream-200ml-emollient-body-wash-300ml,,84," 					
			<p>Evidently, these ingredients combine to make your summer experience unforgettable for the right reasons, preventing sunburn, dryness, photoaging as well as other unpleasant feelings. Likewise, dark spots are easier to avoid as this sunscreen reinforces broad-spectrum UVA/UVB protection. All in all, this is truly a must-have that innovates without relinquishing Mádara's values of transparency and sustainability. Once again, these core resources were consciously extracted from Nordic forests, having the planet's well-being in mind. Finally, this sunscreen offers a great example of how efficient solar protection can also be eco-friendly.</p><h4 id=""wd-e071d9da"" style=""margin-bottom: var(--wd-tags-mb, 20px);font-style: normal;font-weight: var(--wd-title-font-weight);font-family: Satoshi, Arial, Helvetica, sans-serif;font-size: 18px;text-transform: none;--wd-trans-main: all .25s ease"">Features of Rilastil Aqua Detergente Viso:</h4>
						 						 					<ul>
											<li>
						The stem cells from northern dragonhead successfully fight solar damage, inhibiting the spread of free radicals. Additionally, they contribute to minimizing pigmentation, in turn boosting collagen formation.					
									</li>
											<li>
						Raspberry seed oil eases symptoms of inflammatory skin conditions and helps shield the skin from external threats. Besides containing Vitamin E, this oil concentrates high levels of phytosterols that can help reduce water loss. Therefore, it keeps your complexion hydrated.					
									</li>
											<li>
						Zinc Oxide reflects solar rays like a mirror. Without penetrating your complexion, it gives effortless broad-spectrum UVA/UVB protection and has solid safety evidence.					
									</li>
											<li>
						Last but not least, Glycerin moisturizes deeply, being a natural source of endless benefits. From improving skin's resiliency to enabling the penetration of other ingredients and reducing irritation, it takes center stage as an indispensable element in skincare.					
									</li>
					</ul>",,publish,,0,"2024-10-25 11:07:00",1,open,BY-34841,,,,,,25.87,,,,,,,,instock,,,,no,,,,,,,,,,,"https://alsaadrose.store/wp-content/uploads/2024/10/c-bd-bdwsh-product-4.jpg ! alt :  ! title : c-bd-bdwsh-product-4.jpg ! desc :  ! caption : ",,https://alsaadrose.store/product/dermexa-emollient-cream-200ml-emollient-body-wash-300ml/,,,Tocobo,simple,featured,"Body > Body Washes|Hair > Scalp Care",,,12+|18+|25+|30+|40+,1|1|0,,0|1|0,,
"Body Energizing Talasso-Scrub 700g",body-energizing-talasso-scrub-700g,,85," 					
			<p>Evidently, these ingredients combine to make your summer experience unforgettable for the right reasons, preventing sunburn, dryness, photoaging as well as other unpleasant feelings. Likewise, dark spots are easier to avoid as this sunscreen reinforces broad-spectrum UVA/UVB protection. All in all, this is truly a must-have that innovates without relinquishing Mádara's values of transparency and sustainability. Once again, these core resources were consciously extracted from Nordic forests, having the planet's well-being in mind. Finally, this sunscreen offers a great example of how efficient solar protection can also be eco-friendly.</p><h4 id=""wd-e071d9da"" style=""margin-bottom: var(--wd-tags-mb, 20px);font-style: normal;font-weight: var(--wd-title-font-weight);font-family: Satoshi, Arial, Helvetica, sans-serif;font-size: 18px;text-transform: none;--wd-trans-main: all .25s ease"">Features of Rilastil Aqua Detergente Viso:</h4>
						 						 					<ul>
											<li>
						The stem cells from northern dragonhead successfully fight solar damage, inhibiting the spread of free radicals. Additionally, they contribute to minimizing pigmentation, in turn boosting collagen formation.					
									</li>
											<li>
						Raspberry seed oil eases symptoms of inflammatory skin conditions and helps shield the skin from external threats. Besides containing Vitamin E, this oil concentrates high levels of phytosterols that can help reduce water loss. Therefore, it keeps your complexion hydrated.					
									</li>
											<li>
						Zinc Oxide reflects solar rays like a mirror. Without penetrating your complexion, it gives effortless broad-spectrum UVA/UVB protection and has solid safety evidence.					
									</li>
											<li>
						Last but not least, Glycerin moisturizes deeply, being a natural source of endless benefits. From improving skin's resiliency to enabling the penetration of other ingredients and reducing irritation, it takes center stage as an indispensable element in skincare.					
									</li>
					</ul>",,publish,,0,"2024-10-25 11:07:00",1,open,BY-34849,,,,,,64.34,,,,,,,,instock,,,,no,,,,,,,,,,,"https://alsaadrose.store/wp-content/uploads/2024/10/c-bd-scrb-product-4.jpg ! alt :  ! title : c-bd-scrb-product-4.jpg ! desc :  ! caption : ",,https://alsaadrose.store/product/body-energizing-talasso-scrub-700g/,,,Mizon,simple,,"Hair > Conditioners|Body > Scrubs",,,12+|18+|25+|30+|40+,1|1|0,,0|1|0,,
"Moisturizing Lotion Dry to Very Dry Skin",moisturizing-lotion-dry-to-very-dry-skin,,86," 					
			<p>Evidently, these ingredients combine to make your summer experience unforgettable for the right reasons, preventing sunburn, dryness, photoaging as well as other unpleasant feelings. Likewise, dark spots are easier to avoid as this sunscreen reinforces broad-spectrum UVA/UVB protection. All in all, this is truly a must-have that innovates without relinquishing Mádara's values of transparency and sustainability. Once again, these core resources were consciously extracted from Nordic forests, having the planet's well-being in mind. Finally, this sunscreen offers a great example of how efficient solar protection can also be eco-friendly.</p><h4 id=""wd-e071d9da"" style=""margin-bottom: var(--wd-tags-mb, 20px);font-style: normal;font-weight: var(--wd-title-font-weight);font-family: Satoshi, Arial, Helvetica, sans-serif;font-size: 18px;text-transform: none;--wd-trans-main: all .25s ease"">Features of Rilastil Aqua Detergente Viso:</h4>
						 						 					<ul>
											<li>
						The stem cells from northern dragonhead successfully fight solar damage, inhibiting the spread of free radicals. Additionally, they contribute to minimizing pigmentation, in turn boosting collagen formation.					
									</li>
											<li>
						Raspberry seed oil eases symptoms of inflammatory skin conditions and helps shield the skin from external threats. Besides containing Vitamin E, this oil concentrates high levels of phytosterols that can help reduce water loss. Therefore, it keeps your complexion hydrated.					
									</li>
											<li>
						Zinc Oxide reflects solar rays like a mirror. Without penetrating your complexion, it gives effortless broad-spectrum UVA/UVB protection and has solid safety evidence.					
									</li>
											<li>
						Last but not least, Glycerin moisturizes deeply, being a natural source of endless benefits. From improving skin's resiliency to enabling the penetration of other ingredients and reducing irritation, it takes center stage as an indispensable element in skincare.					
									</li>
					</ul>",,publish,,0,"2024-10-25 11:07:00",1,open,BY-34857,,,,,,14.15,,,,,,,,instock,,,,no,,,,,,,,,,,"https://alsaadrose.store/wp-content/uploads/2024/10/c-bd-bdltns-product-4.jpg ! alt :  ! title : c-bd-bdltns-product-4.jpg ! desc :  ! caption : ",,https://alsaadrose.store/product/moisturizing-lotion-dry-to-very-dry-skin/,,,Cerave,simple,,"Body > Body Lotions|Hair > Hair Masks",,,12+|18+|25+|30+|40+,1|1|0,,0|1|0,,
"Polo Blue Eau de Toilette",polo-blue-eau-de-toilette,,87," 					
			<p>Evidently, these ingredients combine to make your summer experience unforgettable for the right reasons, preventing sunburn, dryness, photoaging as well as other unpleasant feelings. Likewise, dark spots are easier to avoid as this sunscreen reinforces broad-spectrum UVA/UVB protection. All in all, this is truly a must-have that innovates without relinquishing Mádara's values of transparency and sustainability. Once again, these core resources were consciously extracted from Nordic forests, having the planet's well-being in mind. Finally, this sunscreen offers a great example of how efficient solar protection can also be eco-friendly.</p><h4 id=""wd-e071d9da"" style=""margin-bottom: var(--wd-tags-mb, 20px);font-style: normal;font-weight: var(--wd-title-font-weight);font-family: Satoshi, Arial, Helvetica, sans-serif;font-size: 18px;text-transform: none;--wd-trans-main: all .25s ease"">Features of Rilastil Aqua Detergente Viso:</h4>
						 						 					<ul>
											<li>
						The stem cells from northern dragonhead successfully fight solar damage, inhibiting the spread of free radicals. Additionally, they contribute to minimizing pigmentation, in turn boosting collagen formation.					
									</li>
											<li>
						Raspberry seed oil eases symptoms of inflammatory skin conditions and helps shield the skin from external threats. Besides containing Vitamin E, this oil concentrates high levels of phytosterols that can help reduce water loss. Therefore, it keeps your complexion hydrated.					
									</li>
											<li>
						Zinc Oxide reflects solar rays like a mirror. Without penetrating your complexion, it gives effortless broad-spectrum UVA/UVB protection and has solid safety evidence.					
									</li>
											<li>
						Last but not least, Glycerin moisturizes deeply, being a natural source of endless benefits. From improving skin's resiliency to enabling the penetration of other ingredients and reducing irritation, it takes center stage as an indispensable element in skincare.					
									</li>
					</ul>",,publish,,0,"2024-10-25 11:07:00",1,open,BY-34864,,,,,,77.29,,,,,,,,instock,,,,no,,,,,,,,,,,"https://alsaadrose.store/wp-content/uploads/2024/10/c-bd-prfms-product-3.jpg ! alt :  ! title : c-bd-prfms-product-3.jpg ! desc :  ! caption : ",,https://alsaadrose.store/product/polo-blue-eau-de-toilette/,,,Payot,simple,,"Body > Perfumes|Hair > Styling",,,12+|18+|25+|30+|40+,1|1|0,,0|1|0,,
"Hugo Man Eau de Toilette",hugo-man-eau-de-toilette,,88," 					
			<p>Evidently, these ingredients combine to make your summer experience unforgettable for the right reasons, preventing sunburn, dryness, photoaging as well as other unpleasant feelings. Likewise, dark spots are easier to avoid as this sunscreen reinforces broad-spectrum UVA/UVB protection. All in all, this is truly a must-have that innovates without relinquishing Mádara's values of transparency and sustainability. Once again, these core resources were consciously extracted from Nordic forests, having the planet's well-being in mind. Finally, this sunscreen offers a great example of how efficient solar protection can also be eco-friendly.</p><h4 id=""wd-e071d9da"" style=""margin-bottom: var(--wd-tags-mb, 20px);font-style: normal;font-weight: var(--wd-title-font-weight);font-family: Satoshi, Arial, Helvetica, sans-serif;font-size: 18px;text-transform: none;--wd-trans-main: all .25s ease"">Features of Rilastil Aqua Detergente Viso:</h4>
						 						 					<ul>
											<li>
						The stem cells from northern dragonhead successfully fight solar damage, inhibiting the spread of free radicals. Additionally, they contribute to minimizing pigmentation, in turn boosting collagen formation.					
									</li>
											<li>
						Raspberry seed oil eases symptoms of inflammatory skin conditions and helps shield the skin from external threats. Besides containing Vitamin E, this oil concentrates high levels of phytosterols that can help reduce water loss. Therefore, it keeps your complexion hydrated.					
									</li>
											<li>
						Zinc Oxide reflects solar rays like a mirror. Without penetrating your complexion, it gives effortless broad-spectrum UVA/UVB protection and has solid safety evidence.					
									</li>
											<li>
						Last but not least, Glycerin moisturizes deeply, being a natural source of endless benefits. From improving skin's resiliency to enabling the penetration of other ingredients and reducing irritation, it takes center stage as an indispensable element in skincare.					
									</li>
					</ul>",,publish,,0,"2024-10-25 11:07:00",1,open,BY-34867,,,,,,49.48,,,,,,,,instock,,,,no,,,,,,,,,,,"https://alsaadrose.store/wp-content/uploads/2024/10/c-bd-prfms-product-6.jpg ! alt :  ! title : c-bd-prfms-product-6.jpg ! desc :  ! caption : ",,https://alsaadrose.store/product/hugo-man-eau-de-toilette/,,,Uriage,simple,,"Body > Perfumes|Hair > Shampoos",,,12+|18+|25+|30+|40+,1|1|0,,0|1|0,,
"Purifying Verbena Hydrating Aloe Vera Gel Hand Soap",purifying-verbena-hydrating-aloe-vera-gel-hand-soap,,89," 					
			<p>Evidently, these ingredients combine to make your summer experience unforgettable for the right reasons, preventing sunburn, dryness, photoaging as well as other unpleasant feelings. Likewise, dark spots are easier to avoid as this sunscreen reinforces broad-spectrum UVA/UVB protection. All in all, this is truly a must-have that innovates without relinquishing Mádara's values of transparency and sustainability. Once again, these core resources were consciously extracted from Nordic forests, having the planet's well-being in mind. Finally, this sunscreen offers a great example of how efficient solar protection can also be eco-friendly.</p><h4 id=""wd-e071d9da"" style=""margin-bottom: var(--wd-tags-mb, 20px);font-style: normal;font-weight: var(--wd-title-font-weight);font-family: Satoshi, Arial, Helvetica, sans-serif;font-size: 18px;text-transform: none;--wd-trans-main: all .25s ease"">Features of Rilastil Aqua Detergente Viso:</h4>
						 						 					<ul>
											<li>
						The stem cells from northern dragonhead successfully fight solar damage, inhibiting the spread of free radicals. Additionally, they contribute to minimizing pigmentation, in turn boosting collagen formation.					
									</li>
											<li>
						Raspberry seed oil eases symptoms of inflammatory skin conditions and helps shield the skin from external threats. Besides containing Vitamin E, this oil concentrates high levels of phytosterols that can help reduce water loss. Therefore, it keeps your complexion hydrated.					
									</li>
											<li>
						Zinc Oxide reflects solar rays like a mirror. Without penetrating your complexion, it gives effortless broad-spectrum UVA/UVB protection and has solid safety evidence.					
									</li>
											<li>
						Last but not least, Glycerin moisturizes deeply, being a natural source of endless benefits. From improving skin's resiliency to enabling the penetration of other ingredients and reducing irritation, it takes center stage as an indispensable element in skincare.					
									</li>
					</ul>",,publish,,0,"2024-10-25 11:07:00",1,open,BY-34876,,,,,,10.80,,,,,,,,instock,,,,no,,,,,,,,,,,"https://alsaadrose.store/wp-content/uploads/2024/10/c-bd-hndcr-product-7.jpg ! alt :  ! title : c-bd-hndcr-product-7.jpg ! desc :  ! caption : ",,https://alsaadrose.store/product/purifying-verbena-hydrating-aloe-vera-gel-hand-soap/,,,Uriage,simple,featured,"Hair > Conditioners|Body > Hand Care",,,12+|18+|25+|30+|40+,1|1|0,,0|1|0,,
"Infusion Vert Repairing Multi-Layer Hand Cream 75ml",infusion-vert-repairing-multi-layer-hand-cream-75ml,,90," 					
			<p>Evidently, these ingredients combine to make your summer experience unforgettable for the right reasons, preventing sunburn, dryness, photoaging as well as other unpleasant feelings. Likewise, dark spots are easier to avoid as this sunscreen reinforces broad-spectrum UVA/UVB protection. All in all, this is truly a must-have that innovates without relinquishing Mádara's values of transparency and sustainability. Once again, these core resources were consciously extracted from Nordic forests, having the planet's well-being in mind. Finally, this sunscreen offers a great example of how efficient solar protection can also be eco-friendly.</p><h4 id=""wd-e071d9da"" style=""margin-bottom: var(--wd-tags-mb, 20px);font-style: normal;font-weight: var(--wd-title-font-weight);font-family: Satoshi, Arial, Helvetica, sans-serif;font-size: 18px;text-transform: none;--wd-trans-main: all .25s ease"">Features of Rilastil Aqua Detergente Viso:</h4>
						 						 					<ul>
											<li>
						The stem cells from northern dragonhead successfully fight solar damage, inhibiting the spread of free radicals. Additionally, they contribute to minimizing pigmentation, in turn boosting collagen formation.					
									</li>
											<li>
						Raspberry seed oil eases symptoms of inflammatory skin conditions and helps shield the skin from external threats. Besides containing Vitamin E, this oil concentrates high levels of phytosterols that can help reduce water loss. Therefore, it keeps your complexion hydrated.					
									</li>
											<li>
						Zinc Oxide reflects solar rays like a mirror. Without penetrating your complexion, it gives effortless broad-spectrum UVA/UVB protection and has solid safety evidence.					
									</li>
											<li>
						Last but not least, Glycerin moisturizes deeply, being a natural source of endless benefits. From improving skin's resiliency to enabling the penetration of other ingredients and reducing irritation, it takes center stage as an indispensable element in skincare.					
									</li>
					</ul>",,publish,,0,"2024-10-25 11:07:00",1,open,BY-34877,,,,,,14.48,,,,,,,,instock,,,,no,,,,,,,,,,,"https://alsaadrose.store/wp-content/uploads/2024/10/c-bd-hndcr-product-8.jpg ! alt :  ! title : c-bd-hndcr-product-8.jpg ! desc :  ! caption : ",,https://alsaadrose.store/product/infusion-vert-repairing-multi-layer-hand-cream-75ml/,,,Mizon,simple,,"Hair > Hair Masks|Body > Hand Care",,,12+|18+|25+|30+|40+,1|1|0,,0|1|0,,
"Dry Foot Cream 100ml",dry-foot-cream-100ml,,91," 					
			<p>Evidently, these ingredients combine to make your summer experience unforgettable for the right reasons, preventing sunburn, dryness, photoaging as well as other unpleasant feelings. Likewise, dark spots are easier to avoid as this sunscreen reinforces broad-spectrum UVA/UVB protection. All in all, this is truly a must-have that innovates without relinquishing Mádara's values of transparency and sustainability. Once again, these core resources were consciously extracted from Nordic forests, having the planet's well-being in mind. Finally, this sunscreen offers a great example of how efficient solar protection can also be eco-friendly.</p><h4 id=""wd-e071d9da"" style=""margin-bottom: var(--wd-tags-mb, 20px);font-style: normal;font-weight: var(--wd-title-font-weight);font-family: Satoshi, Arial, Helvetica, sans-serif;font-size: 18px;text-transform: none;--wd-trans-main: all .25s ease"">Features of Rilastil Aqua Detergente Viso:</h4>
						 						 					<ul>
											<li>
						The stem cells from northern dragonhead successfully fight solar damage, inhibiting the spread of free radicals. Additionally, they contribute to minimizing pigmentation, in turn boosting collagen formation.					
									</li>
											<li>
						Raspberry seed oil eases symptoms of inflammatory skin conditions and helps shield the skin from external threats. Besides containing Vitamin E, this oil concentrates high levels of phytosterols that can help reduce water loss. Therefore, it keeps your complexion hydrated.					
									</li>
											<li>
						Zinc Oxide reflects solar rays like a mirror. Without penetrating your complexion, it gives effortless broad-spectrum UVA/UVB protection and has solid safety evidence.					
									</li>
											<li>
						Last but not least, Glycerin moisturizes deeply, being a natural source of endless benefits. From improving skin's resiliency to enabling the penetration of other ingredients and reducing irritation, it takes center stage as an indispensable element in skincare.					
									</li>
					</ul>",,publish,,0,"2024-10-25 11:07:00",1,open,BY-34885,,,,,,16.36,14.72,,,,,,,instock,,,,no,,,,,,,,,,,"https://alsaadrose.store/wp-content/uploads/2024/10/c-bd-ftcr-product-8.jpg ! alt :  ! title : c-bd-ftcr-product-8.jpg ! desc :  ! caption : ",,https://alsaadrose.store/product/dry-foot-cream-100ml/,,,Uriage,simple,,"Body > Foot Care|Hair > Scalp Care",,,12+|18+|25+|30+|40+,1|1|0,,0|1|0,,
"Luminous Eye Tint Liquid Shadow",luminous-eye-tint-liquid-shadow,,102," 					
			<p>Evidently, these ingredients combine to make your summer experience unforgettable for the right reasons, preventing sunburn, dryness, photoaging as well as other unpleasant feelings. Likewise, dark spots are easier to avoid as this sunscreen reinforces broad-spectrum UVA/UVB protection. All in all, this is truly a must-have that innovates without relinquishing Mádara's values of transparency and sustainability. Once again, these core resources were consciously extracted from Nordic forests, having the planet's well-being in mind. Finally, this sunscreen offers a great example of how efficient solar protection can also be eco-friendly.</p><h4 id=""wd-e071d9da"" style=""margin-bottom: var(--wd-tags-mb, 20px);font-style: normal;font-weight: var(--wd-title-font-weight);font-family: Satoshi, Arial, Helvetica, sans-serif;font-size: 18px;text-transform: none;--wd-trans-main: all .25s ease"">Features of Rilastil Aqua Detergente Viso:</h4>
						 						 					<ul>
											<li>
						The stem cells from northern dragonhead successfully fight solar damage, inhibiting the spread of free radicals. Additionally, they contribute to minimizing pigmentation, in turn boosting collagen formation.					
									</li>
											<li>
						Raspberry seed oil eases symptoms of inflammatory skin conditions and helps shield the skin from external threats. Besides containing Vitamin E, this oil concentrates high levels of phytosterols that can help reduce water loss. Therefore, it keeps your complexion hydrated.					
									</li>
											<li>
						Zinc Oxide reflects solar rays like a mirror. Without penetrating your complexion, it gives effortless broad-spectrum UVA/UVB protection and has solid safety evidence.					
									</li>
											<li>
						Last but not least, Glycerin moisturizes deeply, being a natural source of endless benefits. From improving skin's resiliency to enabling the penetration of other ingredients and reducing irritation, it takes center stage as an indispensable element in skincare.					
									</li>
					</ul>",,publish,,0,"2024-10-25 11:07:00",1,open,MP-31968,,,,,,4.95,,,,,,,,instock,,,,no,,,,,,,,,,,"https://alsaadrose.store/wp-content/uploads/2024/10/c-mkp-eys-product-3.jpg ! alt :  ! title : c-mkp-eys-product-3.jpg ! desc :  ! caption : ",,https://alsaadrose.store/product/luminous-eye-tint-liquid-shadow/,,,SVR,simple,featured,"Skincare > Creams|Makeup > Eyes",,,12+|18+|25+|30+|40+,1|1|0,,0|1|0,,
"Pure Volume Mascara",pure-volume-mascara,,103,,,publish,,0,"2024-10-25 11:07:00",1,open,MP-31978,,,,,,6.52,,,,,,,,instock,,,,no,,,,,,,,,,,"https://alsaadrose.store/wp-content/uploads/2024/10/c-mkp-eys-product-13.jpg ! alt :  ! title : c-mkp-eys-product-13.jpg ! desc :  ! caption : ",,https://alsaadrose.store/product/pure-volume-mascara/,,,Payot,simple,,"Skincare > Eye Care|Makeup > Eyes",,,18+|25+|30+,1|1|0,,0|1|0,,
"Lift Effect Lashes 741 x1 Pair",lift-effect-lashes-741-x1-pair,,104,,,publish,,0,"2024-10-25 11:07:00",1,open,MP-31980,,,,,,10.19,,,,,,,,instock,,,,no,,,,,,,,,,,"https://alsaadrose.store/wp-content/uploads/2024/10/c-mkp-eys-product-15.jpg ! alt :  ! title : c-mkp-eys-product-15.jpg ! desc :  ! caption : ",,https://alsaadrose.store/product/lift-effect-lashes-741-x1-pair/,,,Tocobo,simple,,"Makeup > Eyes|Skincare > Serums",,,12+|25+|40+,1|1|0,,0|1|0,,
"Power Full 5 Lip Care",power-full-5-lip-care,,105,,,publish,,0,"2024-10-25 11:07:00",1,open,MP-31983,,,,,,4.39,,,,,,,,instock,,,,no,,,,,,,,,,,"https://alsaadrose.store/wp-content/uploads/2024/10/c-mkp-lps-product-2.jpg ! alt :  ! title : c-mkp-lps-product-2.jpg ! desc :  ! caption : ",,https://alsaadrose.store/product/power-full-5-lip-care/,,,Caudalie,simple,,"Skincare > Cleansers|Makeup > Lips",,,18+|30+|40+,1|1|0,,0|1|0,,
"Ink Airy Velvet",ink-airy-velvet,,133," 					
			<p>Evidently, these ingredients combine to make your summer experience unforgettable for the right reasons, preventing sunburn, dryness, photoaging as well as other unpleasant feelings. Likewise, dark spots are easier to avoid as this sunscreen reinforces broad-spectrum UVA/UVB protection. All in all, this is truly a must-have that innovates without relinquishing Mádara's values of transparency and sustainability. Once again, these core resources were consciously extracted from Nordic forests, having the planet's well-being in mind. Finally, this sunscreen offers a great example of how efficient solar protection can also be eco-friendly.</p><h4 id=""wd-e071d9da"" style=""margin-bottom: var(--wd-tags-mb, 20px);font-style: normal;font-weight: var(--wd-title-font-weight);font-family: Satoshi, Arial, Helvetica, sans-serif;font-size: 18px;text-transform: none;--wd-trans-main: all .25s ease"">Features of Rilastil Aqua Detergente Viso:</h4>
						 						 					<ul>
											<li>
						The stem cells from northern dragonhead successfully fight solar damage, inhibiting the spread of free radicals. Additionally, they contribute to minimizing pigmentation, in turn boosting collagen formation.					
									</li>
											<li>
						Raspberry seed oil eases symptoms of inflammatory skin conditions and helps shield the skin from external threats. Besides containing Vitamin E, this oil concentrates high levels of phytosterols that can help reduce water loss. Therefore, it keeps your complexion hydrated.					
									</li>
											<li>
						Zinc Oxide reflects solar rays like a mirror. Without penetrating your complexion, it gives effortless broad-spectrum UVA/UVB protection and has solid safety evidence.					
									</li>
											<li>
						Last but not least, Glycerin moisturizes deeply, being a natural source of endless benefits. From improving skin's resiliency to enabling the penetration of other ingredients and reducing irritation, it takes center stage as an indispensable element in skincare.					
									</li>
					</ul>",,publish,,0,"2024-10-25 11:07:10",1,open,MP-31993,,,,,,11.84,,,,,,,,instock,,,,no,,,,,,,,,,,"https://alsaadrose.store/wp-content/uploads/2024/10/c-mkp-lps-product-12.jpg ! alt :  ! title : c-mkp-lps-product-12.jpg ! desc :  ! caption : ",,https://alsaadrose.store/product/ink-airy-velvet/,,,Mizon,simple,,"Skincare > Cleansers|Makeup > Lips",,,12+|18+|25+|30+|40+,1|1|0,,0|1|0,,
"Frizz Dismiss Shampoo",frizz-dismiss-shampoo,,134," 					
			<p>Evidently, these ingredients combine to make your summer experience unforgettable for the right reasons, preventing sunburn, dryness, photoaging as well as other unpleasant feelings. Likewise, dark spots are easier to avoid as this sunscreen reinforces broad-spectrum UVA/UVB protection. All in all, this is truly a must-have that innovates without relinquishing Mádara's values of transparency and sustainability. Once again, these core resources were consciously extracted from Nordic forests, having the planet's well-being in mind. Finally, this sunscreen offers a great example of how efficient solar protection can also be eco-friendly.</p><h4 id=""wd-e071d9da"" style=""margin-bottom: var(--wd-tags-mb, 20px);font-style: normal;font-weight: var(--wd-title-font-weight);font-family: Satoshi, Arial, Helvetica, sans-serif;font-size: 18px;text-transform: none;--wd-trans-main: all .25s ease"">Features of Rilastil Aqua Detergente Viso:</h4>
						 						 					<ul>
											<li>
						The stem cells from northern dragonhead successfully fight solar damage, inhibiting the spread of free radicals. Additionally, they contribute to minimizing pigmentation, in turn boosting collagen formation.					
									</li>
											<li>
						Raspberry seed oil eases symptoms of inflammatory skin conditions and helps shield the skin from external threats. Besides containing Vitamin E, this oil concentrates high levels of phytosterols that can help reduce water loss. Therefore, it keeps your complexion hydrated.					
									</li>
											<li>
						Zinc Oxide reflects solar rays like a mirror. Without penetrating your complexion, it gives effortless broad-spectrum UVA/UVB protection and has solid safety evidence.					
									</li>
											<li>
						Last but not least, Glycerin moisturizes deeply, being a natural source of endless benefits. From improving skin's resiliency to enabling the penetration of other ingredients and reducing irritation, it takes center stage as an indispensable element in skincare.					
									</li>
					</ul>",,publish,,0,"2024-10-25 11:07:10",1,open,HR-42962,,,,,,25.67,,,,,,,,instock,,,,no,,,,,,,,,,,"https://alsaadrose.store/wp-content/uploads/2024/10/c-hir-smpoo-product-4.jpg ! alt :  ! title : c-hir-smpoo-product-4.jpg ! desc :  ! caption : ",,https://alsaadrose.store/product/frizz-dismiss-shampoo/,,,Payot,simple,,"Makeup > Face|Hair > Shampoos",,,12+|18+|25+|30+|40+,1|1|0,,0|1|0,,
"Dercos Mineral Soft Fortifying Shampoo 400ml",dercos-mineral-soft-fortifying-shampoo-400ml,,135," 					
			<p>Evidently, these ingredients combine to make your summer experience unforgettable for the right reasons, preventing sunburn, dryness, photoaging as well as other unpleasant feelings. Likewise, dark spots are easier to avoid as this sunscreen reinforces broad-spectrum UVA/UVB protection. All in all, this is truly a must-have that innovates without relinquishing Mádara's values of transparency and sustainability. Once again, these core resources were consciously extracted from Nordic forests, having the planet's well-being in mind. Finally, this sunscreen offers a great example of how efficient solar protection can also be eco-friendly.</p><h4 id=""wd-e071d9da"" style=""margin-bottom: var(--wd-tags-mb, 20px);font-style: normal;font-weight: var(--wd-title-font-weight);font-family: Satoshi, Arial, Helvetica, sans-serif;font-size: 18px;text-transform: none;--wd-trans-main: all .25s ease"">Features of Rilastil Aqua Detergente Viso:</h4>
						 						 					<ul>
											<li>
						The stem cells from northern dragonhead successfully fight solar damage, inhibiting the spread of free radicals. Additionally, they contribute to minimizing pigmentation, in turn boosting collagen formation.					
									</li>
											<li>
						Raspberry seed oil eases symptoms of inflammatory skin conditions and helps shield the skin from external threats. Besides containing Vitamin E, this oil concentrates high levels of phytosterols that can help reduce water loss. Therefore, it keeps your complexion hydrated.					
									</li>
											<li>
						Zinc Oxide reflects solar rays like a mirror. Without penetrating your complexion, it gives effortless broad-spectrum UVA/UVB protection and has solid safety evidence.					
									</li>
											<li>
						Last but not least, Glycerin moisturizes deeply, being a natural source of endless benefits. From improving skin's resiliency to enabling the penetration of other ingredients and reducing irritation, it takes center stage as an indispensable element in skincare.					
									</li>
					</ul>",,publish,,0,"2024-10-25 11:07:10",1,open,HR-42964,,,,,,20.21,,,,,,,,instock,,,,no,,,,,,,,,,,"https://alsaadrose.store/wp-content/uploads/2024/10/c-hir-smpoo-product-6.jpg ! alt :  ! title : c-hir-smpoo-product-6.jpg ! desc :  ! caption : ",,https://alsaadrose.store/product/dercos-mineral-soft-fortifying-shampoo-400ml/,,,Caudalie,simple,,"Makeup > Face|Hair > Shampoos",,,12+|18+|25+|30+|40+,1|1|0,,0|1|0,,
"Beauty Curly Locks Hair Mask 35ml",beauty-curly-locks-hair-mask-35ml,,136," 					
			<p>Evidently, these ingredients combine to make your summer experience unforgettable for the right reasons, preventing sunburn, dryness, photoaging as well as other unpleasant feelings. Likewise, dark spots are easier to avoid as this sunscreen reinforces broad-spectrum UVA/UVB protection. All in all, this is truly a must-have that innovates without relinquishing Mádara's values of transparency and sustainability. Once again, these core resources were consciously extracted from Nordic forests, having the planet's well-being in mind. Finally, this sunscreen offers a great example of how efficient solar protection can also be eco-friendly.</p><h4 id=""wd-e071d9da"" style=""margin-bottom: var(--wd-tags-mb, 20px);font-style: normal;font-weight: var(--wd-title-font-weight);font-family: Satoshi, Arial, Helvetica, sans-serif;font-size: 18px;text-transform: none;--wd-trans-main: all .25s ease"">Features of Rilastil Aqua Detergente Viso:</h4>
						 						 					<ul>
											<li>
						The stem cells from northern dragonhead successfully fight solar damage, inhibiting the spread of free radicals. Additionally, they contribute to minimizing pigmentation, in turn boosting collagen formation.					
									</li>
											<li>
						Raspberry seed oil eases symptoms of inflammatory skin conditions and helps shield the skin from external threats. Besides containing Vitamin E, this oil concentrates high levels of phytosterols that can help reduce water loss. Therefore, it keeps your complexion hydrated.					
									</li>
											<li>
						Zinc Oxide reflects solar rays like a mirror. Without penetrating your complexion, it gives effortless broad-spectrum UVA/UVB protection and has solid safety evidence.					
									</li>
											<li>
						Last but not least, Glycerin moisturizes deeply, being a natural source of endless benefits. From improving skin's resiliency to enabling the penetration of other ingredients and reducing irritation, it takes center stage as an indispensable element in skincare.					
									</li>
					</ul>",,publish,,0,"2024-10-25 11:07:10",1,open,HR-42969,,,,,,19.76,,,,,,,,instock,,,,no,,,,,,,,,,,"https://alsaadrose.store/wp-content/uploads/2024/10/c-hir-hrmsk-product-3.jpg ! alt :  ! title : c-hir-hrmsk-product-3.jpg ! desc :  ! caption : ",,https://alsaadrose.store/product/beauty-curly-locks-hair-mask-35ml/,,,Tocobo,simple,,"Hair > Hair Masks|Makeup > Lips",,,12+|18+|25+|30+|40+,1|1|0,,0|1|0,,
"Keratin Repair Nourish &amp; Repair Conditioner 150ml",keratin-repair-nourish-repair-conditioner-150ml,,137," 					
			<p>Evidently, these ingredients combine to make your summer experience unforgettable for the right reasons, preventing sunburn, dryness, photoaging as well as other unpleasant feelings. Likewise, dark spots are easier to avoid as this sunscreen reinforces broad-spectrum UVA/UVB protection. All in all, this is truly a must-have that innovates without relinquishing Mádara's values of transparency and sustainability. Once again, these core resources were consciously extracted from Nordic forests, having the planet's well-being in mind. Finally, this sunscreen offers a great example of how efficient solar protection can also be eco-friendly.</p><h4 id=""wd-e071d9da"" style=""margin-bottom: var(--wd-tags-mb, 20px);font-style: normal;font-weight: var(--wd-title-font-weight);font-family: Satoshi, Arial, Helvetica, sans-serif;font-size: 18px;text-transform: none;--wd-trans-main: all .25s ease"">Features of Rilastil Aqua Detergente Viso:</h4>
						 						 					<ul>
											<li>
						The stem cells from northern dragonhead successfully fight solar damage, inhibiting the spread of free radicals. Additionally, they contribute to minimizing pigmentation, in turn boosting collagen formation.					
									</li>
											<li>
						Raspberry seed oil eases symptoms of inflammatory skin conditions and helps shield the skin from external threats. Besides containing Vitamin E, this oil concentrates high levels of phytosterols that can help reduce water loss. Therefore, it keeps your complexion hydrated.					
									</li>
											<li>
						Zinc Oxide reflects solar rays like a mirror. Without penetrating your complexion, it gives effortless broad-spectrum UVA/UVB protection and has solid safety evidence.					
									</li>
											<li>
						Last but not least, Glycerin moisturizes deeply, being a natural source of endless benefits. From improving skin's resiliency to enabling the penetration of other ingredients and reducing irritation, it takes center stage as an indispensable element in skincare.					
									</li>
					</ul>",,publish,,0,"2024-10-25 11:07:10",1,open,HR-42975,,,,,,9.97,,,,,,,,instock,,,,no,,,,,,,,,,,"https://alsaadrose.store/wp-content/uploads/2024/10/c-hir-cdtnr-product-1.jpg ! alt :  ! title : c-hir-cdtnr-product-1.jpg ! desc :  ! caption : ",,https://alsaadrose.store/product/keratin-repair-nourish-repair-conditioner-150ml/,,,Mizon,simple,,"Hair > Conditioners|Makeup > Eyes",,,12+|18+|25+|30+|40+,1|1|0,,0|1|0,,
"Coils &amp; Curls Co-Wash 100ml",coils-curls-co-wash-100ml,,138," 					
			<p>Evidently, these ingredients combine to make your summer experience unforgettable for the right reasons, preventing sunburn, dryness, photoaging as well as other unpleasant feelings. Likewise, dark spots are easier to avoid as this sunscreen reinforces broad-spectrum UVA/UVB protection. All in all, this is truly a must-have that innovates without relinquishing Mádara's values of transparency and sustainability. Once again, these core resources were consciously extracted from Nordic forests, having the planet's well-being in mind. Finally, this sunscreen offers a great example of how efficient solar protection can also be eco-friendly.</p><h4 id=""wd-e071d9da"" style=""margin-bottom: var(--wd-tags-mb, 20px);font-style: normal;font-weight: var(--wd-title-font-weight);font-family: Satoshi, Arial, Helvetica, sans-serif;font-size: 18px;text-transform: none;--wd-trans-main: all .25s ease"">Features of Rilastil Aqua Detergente Viso:</h4>
						 						 					<ul>
											<li>
						The stem cells from northern dragonhead successfully fight solar damage, inhibiting the spread of free radicals. Additionally, they contribute to minimizing pigmentation, in turn boosting collagen formation.					
									</li>
											<li>
						Raspberry seed oil eases symptoms of inflammatory skin conditions and helps shield the skin from external threats. Besides containing Vitamin E, this oil concentrates high levels of phytosterols that can help reduce water loss. Therefore, it keeps your complexion hydrated.					
									</li>
											<li>
						Zinc Oxide reflects solar rays like a mirror. Without penetrating your complexion, it gives effortless broad-spectrum UVA/UVB protection and has solid safety evidence.					
									</li>
											<li>
						Last but not least, Glycerin moisturizes deeply, being a natural source of endless benefits. From improving skin's resiliency to enabling the penetration of other ingredients and reducing irritation, it takes center stage as an indispensable element in skincare.					
									</li>
					</ul>",,publish,,0,"2024-10-25 11:07:10",1,open,HR-42982,,,,,,21.25,,,,,,,,instock,,,,no,,,,,,,,,,,"https://alsaadrose.store/wp-content/uploads/2024/10/c-hir-cdtnr-product-8.jpg ! alt :  ! title : c-hir-cdtnr-product-8.jpg ! desc :  ! caption : ",,https://alsaadrose.store/product/coils-curls-co-wash-100ml/,,,SVR,simple,,"Hair > Conditioners|Makeup > Eyes",,,12+|18+|25+|30+|40+,1|1|0,,0|1|0,,
"Clay Hair Wax",clay-hair-wax,,139," 					
			<p>Evidently, these ingredients combine to make your summer experience unforgettable for the right reasons, preventing sunburn, dryness, photoaging as well as other unpleasant feelings. Likewise, dark spots are easier to avoid as this sunscreen reinforces broad-spectrum UVA/UVB protection. All in all, this is truly a must-have that innovates without relinquishing Mádara's values of transparency and sustainability. Once again, these core resources were consciously extracted from Nordic forests, having the planet's well-being in mind. Finally, this sunscreen offers a great example of how efficient solar protection can also be eco-friendly.</p><h4 id=""wd-e071d9da"" style=""margin-bottom: var(--wd-tags-mb, 20px);font-style: normal;font-weight: var(--wd-title-font-weight);font-family: Satoshi, Arial, Helvetica, sans-serif;font-size: 18px;text-transform: none;--wd-trans-main: all .25s ease"">Features of Rilastil Aqua Detergente Viso:</h4>
						 						 					<ul>
											<li>
						The stem cells from northern dragonhead successfully fight solar damage, inhibiting the spread of free radicals. Additionally, they contribute to minimizing pigmentation, in turn boosting collagen formation.					
									</li>
											<li>
						Raspberry seed oil eases symptoms of inflammatory skin conditions and helps shield the skin from external threats. Besides containing Vitamin E, this oil concentrates high levels of phytosterols that can help reduce water loss. Therefore, it keeps your complexion hydrated.					
									</li>
											<li>
						Zinc Oxide reflects solar rays like a mirror. Without penetrating your complexion, it gives effortless broad-spectrum UVA/UVB protection and has solid safety evidence.					
									</li>
											<li>
						Last but not least, Glycerin moisturizes deeply, being a natural source of endless benefits. From improving skin's resiliency to enabling the penetration of other ingredients and reducing irritation, it takes center stage as an indispensable element in skincare.					
									</li>
					</ul>",,publish,,0,"2024-10-25 11:07:10",1,open,HR-42985,,,,,,6.58,,,,,,,,instock,,,,no,,,,,,,,,,,"https://alsaadrose.store/wp-content/uploads/2024/10/c-hir-stlng-product-3.jpg ! alt :  ! title : c-hir-stlng-product-3.jpg ! desc :  ! caption : ",,https://alsaadrose.store/product/clay-hair-wax/,,,Cerave,simple,,"Makeup > Face|Hair > Styling",,,12+|18+|25+|30+|40+,1|1|0,,0|1|0,,
"Professional Semi Di Lino Scalp Relief Calming Tonic 125ml",professional-semi-di-lino-scalp-relief-calming-tonic-125ml,,140," 					
			<p>Evidently, these ingredients combine to make your summer experience unforgettable for the right reasons, preventing sunburn, dryness, photoaging as well as other unpleasant feelings. Likewise, dark spots are easier to avoid as this sunscreen reinforces broad-spectrum UVA/UVB protection. All in all, this is truly a must-have that innovates without relinquishing Mádara's values of transparency and sustainability. Once again, these core resources were consciously extracted from Nordic forests, having the planet's well-being in mind. Finally, this sunscreen offers a great example of how efficient solar protection can also be eco-friendly.</p><h4 id=""wd-e071d9da"" style=""margin-bottom: var(--wd-tags-mb, 20px);font-style: normal;font-weight: var(--wd-title-font-weight);font-family: Satoshi, Arial, Helvetica, sans-serif;font-size: 18px;text-transform: none;--wd-trans-main: all .25s ease"">Features of Rilastil Aqua Detergente Viso:</h4>
						 						 					<ul>
											<li>
						The stem cells from northern dragonhead successfully fight solar damage, inhibiting the spread of free radicals. Additionally, they contribute to minimizing pigmentation, in turn boosting collagen formation.					
									</li>
											<li>
						Raspberry seed oil eases symptoms of inflammatory skin conditions and helps shield the skin from external threats. Besides containing Vitamin E, this oil concentrates high levels of phytosterols that can help reduce water loss. Therefore, it keeps your complexion hydrated.					
									</li>
											<li>
						Zinc Oxide reflects solar rays like a mirror. Without penetrating your complexion, it gives effortless broad-spectrum UVA/UVB protection and has solid safety evidence.					
									</li>
											<li>
						Last but not least, Glycerin moisturizes deeply, being a natural source of endless benefits. From improving skin's resiliency to enabling the penetration of other ingredients and reducing irritation, it takes center stage as an indispensable element in skincare.					
									</li>
					</ul>",,publish,,0,"2024-10-25 11:07:10",1,open,HR-42993,,,,,,42.30,,,,,,,,instock,,,,no,,,,,,,,,,,"https://alsaadrose.store/wp-content/uploads/2024/10/c-hir-sclpcr-product-3.jpg ! alt :  ! title : c-hir-sclpcr-product-3.jpg ! desc :  ! caption : ",,https://alsaadrose.store/product/professional-semi-di-lino-scalp-relief-calming-tonic-125ml/,,,Uriage,simple,,"Makeup > Lips|Hair > Scalp Care",,,12+|18+|25+|30+|40+,1|1|0,,0|1|0,,
"Exfoliate Pre-Shampoo Scalp Purifying Gel",exfoliate-pre-shampoo-scalp-purifying-gel,,141," 					
			<p>Evidently, these ingredients combine to make your summer experience unforgettable for the right reasons, preventing sunburn, dryness, photoaging as well as other unpleasant feelings. Likewise, dark spots are easier to avoid as this sunscreen reinforces broad-spectrum UVA/UVB protection. All in all, this is truly a must-have that innovates without relinquishing Mádara's values of transparency and sustainability. Once again, these core resources were consciously extracted from Nordic forests, having the planet's well-being in mind. Finally, this sunscreen offers a great example of how efficient solar protection can also be eco-friendly.</p><h4 id=""wd-e071d9da"" style=""margin-bottom: var(--wd-tags-mb, 20px);font-style: normal;font-weight: var(--wd-title-font-weight);font-family: Satoshi, Arial, Helvetica, sans-serif;font-size: 18px;text-transform: none;--wd-trans-main: all .25s ease"">Features of Rilastil Aqua Detergente Viso:</h4>
						 						 					<ul>
											<li>
						The stem cells from northern dragonhead successfully fight solar damage, inhibiting the spread of free radicals. Additionally, they contribute to minimizing pigmentation, in turn boosting collagen formation.					
									</li>
											<li>
						Raspberry seed oil eases symptoms of inflammatory skin conditions and helps shield the skin from external threats. Besides containing Vitamin E, this oil concentrates high levels of phytosterols that can help reduce water loss. Therefore, it keeps your complexion hydrated.					
									</li>
											<li>
						Zinc Oxide reflects solar rays like a mirror. Without penetrating your complexion, it gives effortless broad-spectrum UVA/UVB protection and has solid safety evidence.					
									</li>
											<li>
						Last but not least, Glycerin moisturizes deeply, being a natural source of endless benefits. From improving skin's resiliency to enabling the penetration of other ingredients and reducing irritation, it takes center stage as an indispensable element in skincare.					
									</li>
					</ul>",,publish,,0,"2024-10-25 11:07:10",1,open,HR-42994,,,,,,35.29,,,,,,,,instock,,,,no,,,,,,,,,,,"https://alsaadrose.store/wp-content/uploads/2024/10/c-hir-sclpcr-product-4.jpg ! alt :  ! title : c-hir-sclpcr-product-4.jpg ! desc :  ! caption : ",,https://alsaadrose.store/product/exfoliate-pre-shampoo-scalp-purifying-gel/,,,Uriage,simple,,"Makeup > Eyes|Hair > Scalp Care",,,12+|18+|25+|30+|40+,1|1|0,,0|1|0,,
"Sun Secure Blur Optical Mousse Cream SPF50+ 50ml",sun-secure-blur-optical-mousse-cream-spf50-50ml,,142," 					
			<p>Evidently, these ingredients combine to make your summer experience unforgettable for the right reasons, preventing sunburn, dryness, photoaging as well as other unpleasant feelings. Likewise, dark spots are easier to avoid as this sunscreen reinforces broad-spectrum UVA/UVB protection. All in all, this is truly a must-have that innovates without relinquishing Mádara's values of transparency and sustainability. Once again, these core resources were consciously extracted from Nordic forests, having the planet's well-being in mind. Finally, this sunscreen offers a great example of how efficient solar protection can also be eco-friendly.</p><h4 id=""wd-e071d9da"" style=""margin-bottom: var(--wd-tags-mb, 20px);font-style: normal;font-weight: var(--wd-title-font-weight);font-family: Satoshi, Arial, Helvetica, sans-serif;font-size: 18px;text-transform: none;--wd-trans-main: all .25s ease"">Features of Rilastil Aqua Detergente Viso:</h4>
						 						 					<ul>
											<li>
						The stem cells from northern dragonhead successfully fight solar damage, inhibiting the spread of free radicals. Additionally, they contribute to minimizing pigmentation, in turn boosting collagen formation.					
									</li>
											<li>
						Raspberry seed oil eases symptoms of inflammatory skin conditions and helps shield the skin from external threats. Besides containing Vitamin E, this oil concentrates high levels of phytosterols that can help reduce water loss. Therefore, it keeps your complexion hydrated.					
									</li>
											<li>
						Zinc Oxide reflects solar rays like a mirror. Without penetrating your complexion, it gives effortless broad-spectrum UVA/UVB protection and has solid safety evidence.					
									</li>
											<li>
						Last but not least, Glycerin moisturizes deeply, being a natural source of endless benefits. From improving skin's resiliency to enabling the penetration of other ingredients and reducing irritation, it takes center stage as an indispensable element in skincare.					
									</li>
					</ul>",,publish,,0,"2024-10-25 11:07:10",1,open,SN-33012,,,,,,19.03,17.13,,,,,,,instock,,,,no,,,,,,,,,,,"https://alsaadrose.store/wp-content/uploads/2024/10/c-snscrn-fcesnscrn-product-2.jpg ! alt :  ! title : c-snscrn-fcesnscrn-product-2.jpg ! desc :  ! caption : ",,https://alsaadrose.store/product/sun-secure-blur-optical-mousse-cream-spf50-50ml/,,,SVR,simple,,"Body > Body Lotions|Sunscreen > Face Sunscreen",,,12+|18+|25+|30+|40+,1|1|0,,0|1|0,,
"Photoderm Nude Touch Mineral SPF50+",photoderm-nude-touch-mineral-spf50,,143," 					
			<p>Evidently, these ingredients combine to make your summer experience unforgettable for the right reasons, preventing sunburn, dryness, photoaging as well as other unpleasant feelings. Likewise, dark spots are easier to avoid as this sunscreen reinforces broad-spectrum UVA/UVB protection. All in all, this is truly a must-have that innovates without relinquishing Mádara's values of transparency and sustainability. Once again, these core resources were consciously extracted from Nordic forests, having the planet's well-being in mind. Finally, this sunscreen offers a great example of how efficient solar protection can also be eco-friendly.</p><h4 id=""wd-e071d9da"" style=""margin-bottom: var(--wd-tags-mb, 20px);font-style: normal;font-weight: var(--wd-title-font-weight);font-family: Satoshi, Arial, Helvetica, sans-serif;font-size: 18px;text-transform: none;--wd-trans-main: all .25s ease"">Features of Rilastil Aqua Detergente Viso:</h4>
						 						 					<ul>
											<li>
						The stem cells from northern dragonhead successfully fight solar damage, inhibiting the spread of free radicals. Additionally, they contribute to minimizing pigmentation, in turn boosting collagen formation.					
									</li>
											<li>
						Raspberry seed oil eases symptoms of inflammatory skin conditions and helps shield the skin from external threats. Besides containing Vitamin E, this oil concentrates high levels of phytosterols that can help reduce water loss. Therefore, it keeps your complexion hydrated.					
									</li>
											<li>
						Zinc Oxide reflects solar rays like a mirror. Without penetrating your complexion, it gives effortless broad-spectrum UVA/UVB protection and has solid safety evidence.					
									</li>
											<li>
						Last but not least, Glycerin moisturizes deeply, being a natural source of endless benefits. From improving skin's resiliency to enabling the penetration of other ingredients and reducing irritation, it takes center stage as an indispensable element in skincare.					
									</li>
					</ul>",,publish,,0,"2024-10-25 11:07:10",1,open,SN-33014,,,,,,21.04,,,,,,,,instock,,,,no,,,,,,,,,,,"https://alsaadrose.store/wp-content/uploads/2024/10/c-snscrn-fcesnscrn-product-4.jpg ! alt :  ! title : c-snscrn-fcesnscrn-product-4.jpg ! desc :  ! caption : ",,https://alsaadrose.store/product/photoderm-nude-touch-mineral-spf50/,,,Uriage,simple,,"Body > Body Washes|Sunscreen > Face Sunscreen",,,12+|18+|25+|40+,1|1|0,,0|1|0,,
"Anthelios Hydrating Lotion Eco-Tube SPF50+ 250ml",anthelios-hydrating-lotion-eco-tube-spf50-250ml,,144," 					
			<p>Evidently, these ingredients combine to make your summer experience unforgettable for the right reasons, preventing sunburn, dryness, photoaging as well as other unpleasant feelings. Likewise, dark spots are easier to avoid as this sunscreen reinforces broad-spectrum UVA/UVB protection. All in all, this is truly a must-have that innovates without relinquishing Mádara's values of transparency and sustainability. Once again, these core resources were consciously extracted from Nordic forests, having the planet's well-being in mind. Finally, this sunscreen offers a great example of how efficient solar protection can also be eco-friendly.</p><h4 id=""wd-e071d9da"" style=""margin-bottom: var(--wd-tags-mb, 20px);font-style: normal;font-weight: var(--wd-title-font-weight);font-family: Satoshi, Arial, Helvetica, sans-serif;font-size: 18px;text-transform: none;--wd-trans-main: all .25s ease"">Features of Rilastil Aqua Detergente Viso:</h4>
						 						 					<ul>
											<li>
						The stem cells from northern dragonhead successfully fight solar damage, inhibiting the spread of free radicals. Additionally, they contribute to minimizing pigmentation, in turn boosting collagen formation.					
									</li>
											<li>
						Raspberry seed oil eases symptoms of inflammatory skin conditions and helps shield the skin from external threats. Besides containing Vitamin E, this oil concentrates high levels of phytosterols that can help reduce water loss. Therefore, it keeps your complexion hydrated.					
									</li>
											<li>
						Zinc Oxide reflects solar rays like a mirror. Without penetrating your complexion, it gives effortless broad-spectrum UVA/UVB protection and has solid safety evidence.					
									</li>
											<li>
						Last but not least, Glycerin moisturizes deeply, being a natural source of endless benefits. From improving skin's resiliency to enabling the penetration of other ingredients and reducing irritation, it takes center stage as an indispensable element in skincare.					
									</li>
					</ul>",,publish,,0,"2024-10-25 11:07:10",1,open,SN-33019,,,,,,43,35.26,,,,,,,instock,,,,no,,,,,,,,,,,"https://alsaadrose.store/wp-content/uploads/2024/10/c-snscrn-bdysnscrn-product-1.jpg ! alt :  ! title : c-snscrn-bdysnscrn-product-1.jpg ! desc :  ! caption : ",,https://alsaadrose.store/product/anthelios-hydrating-lotion-eco-tube-spf50-250ml/,,,Mizon,simple,,"Sunscreen > Body Sunscreen|Body > Foot Care",,,12+|25+|30+|40+,1|1|0,,0|1|0,,
"Watermelon Tanning Oil SPF15 100ml",watermelon-tanning-oil-spf15-100ml,,145," 					
			<p>Evidently, these ingredients combine to make your summer experience unforgettable for the right reasons, preventing sunburn, dryness, photoaging as well as other unpleasant feelings. Likewise, dark spots are easier to avoid as this sunscreen reinforces broad-spectrum UVA/UVB protection. All in all, this is truly a must-have that innovates without relinquishing Mádara's values of transparency and sustainability. Once again, these core resources were consciously extracted from Nordic forests, having the planet's well-being in mind. Finally, this sunscreen offers a great example of how efficient solar protection can also be eco-friendly.</p><h4 id=""wd-e071d9da"" style=""margin-bottom: var(--wd-tags-mb, 20px);font-style: normal;font-weight: var(--wd-title-font-weight);font-family: Satoshi, Arial, Helvetica, sans-serif;font-size: 18px;text-transform: none;--wd-trans-main: all .25s ease"">Features of Rilastil Aqua Detergente Viso:</h4>
						 						 					<ul>
											<li>
						The stem cells from northern dragonhead successfully fight solar damage, inhibiting the spread of free radicals. Additionally, they contribute to minimizing pigmentation, in turn boosting collagen formation.					
									</li>
											<li>
						Raspberry seed oil eases symptoms of inflammatory skin conditions and helps shield the skin from external threats. Besides containing Vitamin E, this oil concentrates high levels of phytosterols that can help reduce water loss. Therefore, it keeps your complexion hydrated.					
									</li>
											<li>
						Zinc Oxide reflects solar rays like a mirror. Without penetrating your complexion, it gives effortless broad-spectrum UVA/UVB protection and has solid safety evidence.					
									</li>
											<li>
						Last but not least, Glycerin moisturizes deeply, being a natural source of endless benefits. From improving skin's resiliency to enabling the penetration of other ingredients and reducing irritation, it takes center stage as an indispensable element in skincare.					
									</li>
					</ul>",,publish,,0,"2024-10-25 11:07:10",1,open,SN-33023,,,,,,30.21,,,,,,,,instock,,,,no,,,,,,,,,,,"https://alsaadrose.store/wp-content/uploads/2024/10/c-snscrn-bdysnscrn-product-5.jpg ! alt :  ! title : c-snscrn-bdysnscrn-product-5.jpg ! desc :  ! caption : ",,https://alsaadrose.store/product/watermelon-tanning-oil-spf15-100ml/,,,Uriage,simple,,"Sunscreen > Body Sunscreen|Body > Hand Care",,,12+|18+|25+|30+|40+,1|1|0,,0|1|0,,
"Care Body &amp; Hair Oil Mist SPF30 150ml",care-body-hair-oil-mist-spf30-150ml,,146," 					
			<p>Evidently, these ingredients combine to make your summer experience unforgettable for the right reasons, preventing sunburn, dryness, photoaging as well as other unpleasant feelings. Likewise, dark spots are easier to avoid as this sunscreen reinforces broad-spectrum UVA/UVB protection. All in all, this is truly a must-have that innovates without relinquishing Mádara's values of transparency and sustainability. Once again, these core resources were consciously extracted from Nordic forests, having the planet's well-being in mind. Finally, this sunscreen offers a great example of how efficient solar protection can also be eco-friendly.</p><h4 id=""wd-e071d9da"" style=""margin-bottom: var(--wd-tags-mb, 20px);font-style: normal;font-weight: var(--wd-title-font-weight);font-family: Satoshi, Arial, Helvetica, sans-serif;font-size: 18px;text-transform: none;--wd-trans-main: all .25s ease"">Features of Rilastil Aqua Detergente Viso:</h4>
						 						 					<ul>
											<li>
						The stem cells from northern dragonhead successfully fight solar damage, inhibiting the spread of free radicals. Additionally, they contribute to minimizing pigmentation, in turn boosting collagen formation.					
									</li>
											<li>
						Raspberry seed oil eases symptoms of inflammatory skin conditions and helps shield the skin from external threats. Besides containing Vitamin E, this oil concentrates high levels of phytosterols that can help reduce water loss. Therefore, it keeps your complexion hydrated.					
									</li>
											<li>
						Zinc Oxide reflects solar rays like a mirror. Without penetrating your complexion, it gives effortless broad-spectrum UVA/UVB protection and has solid safety evidence.					
									</li>
											<li>
						Last but not least, Glycerin moisturizes deeply, being a natural source of endless benefits. From improving skin's resiliency to enabling the penetration of other ingredients and reducing irritation, it takes center stage as an indispensable element in skincare.					
									</li>
					</ul>",,publish,,0,"2024-10-25 11:07:10",1,open,SN-33030,,,,,,41.79,,,,,,,,instock,,,,no,,,,,,,,,,,"https://alsaadrose.store/wp-content/uploads/2024/10/c-snscrn-hrsnscrn-product-4.jpg ! alt :  ! title : c-snscrn-hrsnscrn-product-4.jpg ! desc :  ! caption : ",,https://alsaadrose.store/product/care-body-hair-oil-mist-spf30-150ml/,,,SVR,simple,,"Sunscreen > Hair Sunscreen|Body > Perfumes",,,12+|18+|25+|30+|40+,1|1|0,,0|1|0,,
"Protection Sun-Exposed Hair Oil With Tamanu &amp; Monoi 100ml",protection-sun-exposed-hair-oil-with-tamanu-monoi-100ml,,147," 					
			<p>Evidently, these ingredients combine to make your summer experience unforgettable for the right reasons, preventing sunburn, dryness, photoaging as well as other unpleasant feelings. Likewise, dark spots are easier to avoid as this sunscreen reinforces broad-spectrum UVA/UVB protection. All in all, this is truly a must-have that innovates without relinquishing Mádara's values of transparency and sustainability. Once again, these core resources were consciously extracted from Nordic forests, having the planet's well-being in mind. Finally, this sunscreen offers a great example of how efficient solar protection can also be eco-friendly.</p><h4 id=""wd-e071d9da"" style=""margin-bottom: var(--wd-tags-mb, 20px);font-style: normal;font-weight: var(--wd-title-font-weight);font-family: Satoshi, Arial, Helvetica, sans-serif;font-size: 18px;text-transform: none;--wd-trans-main: all .25s ease"">Features of Rilastil Aqua Detergente Viso:</h4>
						 						 					<ul>
											<li>
						The stem cells from northern dragonhead successfully fight solar damage, inhibiting the spread of free radicals. Additionally, they contribute to minimizing pigmentation, in turn boosting collagen formation.					
									</li>
											<li>
						Raspberry seed oil eases symptoms of inflammatory skin conditions and helps shield the skin from external threats. Besides containing Vitamin E, this oil concentrates high levels of phytosterols that can help reduce water loss. Therefore, it keeps your complexion hydrated.					
									</li>
											<li>
						Zinc Oxide reflects solar rays like a mirror. Without penetrating your complexion, it gives effortless broad-spectrum UVA/UVB protection and has solid safety evidence.					
									</li>
											<li>
						Last but not least, Glycerin moisturizes deeply, being a natural source of endless benefits. From improving skin's resiliency to enabling the penetration of other ingredients and reducing irritation, it takes center stage as an indispensable element in skincare.					
									</li>
					</ul>",,publish,,0,"2024-10-25 11:07:10",1,open,SN-33032,,,,,,19.63,,,,,,,,instock,,,,no,,,,,,,,,,,"https://alsaadrose.store/wp-content/uploads/2024/10/c-snscrn-hrsnscrn-product-6.jpg ! alt :  ! title : c-snscrn-hrsnscrn-product-6.jpg ! desc :  ! caption : ",,https://alsaadrose.store/product/protection-sun-exposed-hair-oil-with-tamanu-monoi-100ml/,,,Uriage,simple,,"Sunscreen > Hair Sunscreen|Body > Scrubs",,,12+|18+|25+|30+,1|1|0,,0|1|0,,
"Sunissime The After Sun Sorbet 50ml",sunissime-the-after-sun-sorbet-50ml,,148," 					
			<p>Evidently, these ingredients combine to make your summer experience unforgettable for the right reasons, preventing sunburn, dryness, photoaging as well as other unpleasant feelings. Likewise, dark spots are easier to avoid as this sunscreen reinforces broad-spectrum UVA/UVB protection. All in all, this is truly a must-have that innovates without relinquishing Mádara's values of transparency and sustainability. Once again, these core resources were consciously extracted from Nordic forests, having the planet's well-being in mind. Finally, this sunscreen offers a great example of how efficient solar protection can also be eco-friendly.</p><h4 id=""wd-e071d9da"" style=""margin-bottom: var(--wd-tags-mb, 20px);font-style: normal;font-weight: var(--wd-title-font-weight);font-family: Satoshi, Arial, Helvetica, sans-serif;font-size: 18px;text-transform: none;--wd-trans-main: all .25s ease"">Features of Rilastil Aqua Detergente Viso:</h4>
						 						 					<ul>
											<li>
						The stem cells from northern dragonhead successfully fight solar damage, inhibiting the spread of free radicals. Additionally, they contribute to minimizing pigmentation, in turn boosting collagen formation.					
									</li>
											<li>
						Raspberry seed oil eases symptoms of inflammatory skin conditions and helps shield the skin from external threats. Besides containing Vitamin E, this oil concentrates high levels of phytosterols that can help reduce water loss. Therefore, it keeps your complexion hydrated.					
									</li>
											<li>
						Zinc Oxide reflects solar rays like a mirror. Without penetrating your complexion, it gives effortless broad-spectrum UVA/UVB protection and has solid safety evidence.					
									</li>
											<li>
						Last but not least, Glycerin moisturizes deeply, being a natural source of endless benefits. From improving skin's resiliency to enabling the penetration of other ingredients and reducing irritation, it takes center stage as an indispensable element in skincare.					
									</li>
					</ul>",,publish,,0,"2024-10-25 11:07:10",1,open,SN-33035,,,,,,26.84,,,,,,,,instock,,,,no,,,,,,,,,,,"https://alsaadrose.store/wp-content/uploads/2024/10/c-snscrn-aftrsn-product-1.jpg ! alt :  ! title : c-snscrn-aftrsn-product-1.jpg ! desc :  ! caption : ",,https://alsaadrose.store/product/sunissime-the-after-sun-sorbet-50ml/,,,Mizon,simple,,"Sunscreen > After Sun|Body > Body Lotions",,,12+|18+|30+|40+,1|1|0,,0|1|0,,
"After Sun Tan Intensifying Moisturizing Lotion",after-sun-tan-intensifying-moisturizing-lotion,,149," 					
			<p>Evidently, these ingredients combine to make your summer experience unforgettable for the right reasons, preventing sunburn, dryness, photoaging as well as other unpleasant feelings. Likewise, dark spots are easier to avoid as this sunscreen reinforces broad-spectrum UVA/UVB protection. All in all, this is truly a must-have that innovates without relinquishing Mádara's values of transparency and sustainability. Once again, these core resources were consciously extracted from Nordic forests, having the planet's well-being in mind. Finally, this sunscreen offers a great example of how efficient solar protection can also be eco-friendly.</p><h4 id=""wd-e071d9da"" style=""margin-bottom: var(--wd-tags-mb, 20px);font-style: normal;font-weight: var(--wd-title-font-weight);font-family: Satoshi, Arial, Helvetica, sans-serif;font-size: 18px;text-transform: none;--wd-trans-main: all .25s ease"">Features of Rilastil Aqua Detergente Viso:</h4>
						 						 					<ul>
											<li>
						The stem cells from northern dragonhead successfully fight solar damage, inhibiting the spread of free radicals. Additionally, they contribute to minimizing pigmentation, in turn boosting collagen formation.					
									</li>
											<li>
						Raspberry seed oil eases symptoms of inflammatory skin conditions and helps shield the skin from external threats. Besides containing Vitamin E, this oil concentrates high levels of phytosterols that can help reduce water loss. Therefore, it keeps your complexion hydrated.					
									</li>
											<li>
						Zinc Oxide reflects solar rays like a mirror. Without penetrating your complexion, it gives effortless broad-spectrum UVA/UVB protection and has solid safety evidence.					
									</li>
											<li>
						Last but not least, Glycerin moisturizes deeply, being a natural source of endless benefits. From improving skin's resiliency to enabling the penetration of other ingredients and reducing irritation, it takes center stage as an indispensable element in skincare.					
									</li>
					</ul>",,publish,,0,"2024-10-25 11:07:10",1,open,SN-33036,,,,,,22.34,21,,,,,,,instock,,,,no,,,,,,,,,,,"https://alsaadrose.store/wp-content/uploads/2024/10/c-snscrn-aftrsn-product-2.jpg ! alt :  ! title : c-snscrn-aftrsn-product-2.jpg ! desc :  ! caption : ",,https://alsaadrose.store/product/after-sun-tan-intensifying-moisturizing-lotion/,,,Payot,simple,featured,"Sunscreen > After Sun|Body > Hand Care",,,12+|18+|25+|30+|40+,1|1|0,,0|1|0,,
